author_id,username,author_followers,author_tweets,author_description,author_location,text,created_at,retweets,replies,likes,quote_count
1480233055633784833,721FM_,35593,2127,"#721FM - A Zero Fee Fair Marketplace #721STARTER - Your early access to the NFTs of Tomorrow NFT Launchpad, A transparent WL raffle. Products by @the_opendaoüÜò",,"b'Our next partnership this week is truly special and multi-chain Hint: unlock the magic Comment your guesses below, might leave you heaven-blessed #721starter #nftlaunchpad '",2022-07-06 13:44:42+00:00,5,4,22,1
1443667651470012416,sol_art_io,4547,238,"4,444 Cute Koalas #nft will be minted for 0.25 SOL.

We will #donate 70% of Mint sales to #Australian #Koala #Charities",Solana,b'Become part of the #cutekoala crew.Twitter: @sol_art_ioDiscord: https://t.co/S8i7Yrrhr3MINT NOW: https://t.co/2ZwstVYmfH#NFT #SOLNFT #NFTLaunchpad #NFTLaunch #NFTMintAlert #NFTMinting',2022-07-06 09:33:30+00:00,1,0,1,0
1480233055633784833,721FM_,35593,2127,"#721FM - A Zero Fee Fair Marketplace #721STARTER - Your early access to the NFTs of Tomorrow NFT Launchpad, A transparent WL raffle. Products by @the_opendaoüÜò",,b'721Starter is your access to top-tier vetted NFT projects. #nftlaunchpad',2022-07-05 20:56:47+00:00,0,0,3,0
1461814554955063306,LastUnicornNFT,3340,750,"NFT artis, dropping out a new NFT collection right now. Follow me for more informations :) #nft #nfts #nftcommunity",,"b'Hey guys Just take the chance now and mint your Last Unicorn45 Matic = 20,85$ Just do it MINT YOUR UNICORN NOW: https://t.co/PR5bnW05tu#NFTdrop #NFTdrops #PolygonNFTs #NFTs #NFTLAUNCH #NFTLaunchpad #nft #NFTCommmunity'",2022-07-04 10:36:55+00:00,1,4,4,1
90188214,gabar1,408,2399,I am a successfull Internet marketer and SEO Manager and I live in the uk. I am keen to help like monded people to become successfull online.,UK,b'@CryptoKing1st @Dope_Ape_NFT #TheNFTGenerator #NFTNews #NFTLaunchpad  #nftcollectors #NFTshill #NFTGiveaway #NFTs #nft #Bitcoin #ETH #etherium #NFTartist #NFTcommunties #NFTCommunity #NFTartist #NFTMarketplace #artwork #Art  #cryptos #cryptoartLaunch A NFT Collection with Ease: https://t.co/yzmuWQcCqP',2022-07-04 03:32:51+00:00,0,0,0,0
90188214,gabar1,408,2399,I am a successfull Internet marketer and SEO Manager and I live in the uk. I am keen to help like monded people to become successfull online.,UK,b'@WeirdOne_NFT #TheNFTGenerator #NFTNews #NFTLaunchpad  #nftcollectors #NFTshill #NFTGiveaway #NFTs #nft #Bitcoin #ETH #etherium #NFTartist #NFTcommunties #NFTCommunity #NFTartist #NFTMarketplace #artwork #Art  #cryptos #cryptoartLaunch A NFT Collection with Ease: https://t.co/yzmuWQcCqP',2022-07-04 03:32:11+00:00,0,0,0,0
90188214,gabar1,408,2399,I am a successfull Internet marketer and SEO Manager and I live in the uk. I am keen to help like monded people to become successfull online.,UK,b'@GiveAwayHost @AlqNFT #TheNFTGenerator #NFTNews #NFTLaunchpad  #nftcollectors #NFTshill #NFTGiveaway #NFTs #nft #Bitcoin #ETH #etherium #NFTartist #NFTcommunties #NFTCommunity #NFTartist #NFTMarketplace #artwork #Art  #cryptos #cryptoartLaunch A NFT Collection with Ease: https://t.co/yzmuWQcCqP',2022-07-04 03:31:36+00:00,0,0,0,0
90188214,gabar1,408,2399,I am a successfull Internet marketer and SEO Manager and I live in the uk. I am keen to help like monded people to become successfull online.,UK,b'@YaOnlyLivvOnce #TheNFTGenerator #NFTNews #NFTLaunchpad  #nftcollectors #NFTshill #NFTGiveaway #NFTs #nft #Bitcoin #ETH #etherium #NFTartist #NFTcommunties #NFTCommunity #NFTartist #NFTMarketplace #artwork #Art  #cryptos #cryptoartLaunch A NFT Collection with Ease: https://t.co/yzmuWQcCqP',2022-07-04 03:31:15+00:00,0,0,0,0
90188214,gabar1,408,2399,I am a successfull Internet marketer and SEO Manager and I live in the uk. I am keen to help like monded people to become successfull online.,UK,b'@GiveAwayHost @TurtIeBoii #TheNFTGenerator #NFTNews #NFTLaunchpad  #nftcollectors #NFTshill #NFTGiveaway #NFTs #nft #Bitcoin #ETH #etherium #NFTartist #NFTcommunties #NFTCommunity #NFTartist #NFTMarketplace #artwork #Art  #cryptos #cryptoartLaunch A NFT Collection with Ease: https://t.co/yzmuWQcCqP',2022-07-04 03:30:57+00:00,0,0,0,0
90188214,gabar1,408,2399,I am a successfull Internet marketer and SEO Manager and I live in the uk. I am keen to help like monded people to become successfull online.,UK,b'@GiveAwayHost @TurtIeBoii #TheNFTGenerator #NFTNews #NFTLaunchpad  #nftcollectors #NFTshill #NFTGiveaway #NFTs #nft #Bitcoin #ETH #etherium #NFTartist #NFTcommunties #NFTCommunity #NFTartist #NFTMarketplace #artwork #Art  #cryptos #cryptoartLaunch A NFT Collection with Ease: https://t.co/yzmuWQcCqP',2022-07-04 03:30:35+00:00,0,0,0,0
90188214,gabar1,408,2399,I am a successfull Internet marketer and SEO Manager and I live in the uk. I am keen to help like monded people to become successfull online.,UK,b'@nogoodlogan #TheNFTGenerator #NFTNews #NFTLaunchpad  #nftcollectors #NFTshill #NFTGiveaway #NFTs #nft #Bitcoin #ETH #etherium #NFTartist #NFTcommunties #NFTCommunity #NFTartist #NFTMarketplace #artwork #Art  #cryptos #cryptoartLaunch A NFT Collection with Ease: https://t.co/yzmuWQcCqP',2022-07-04 03:30:10+00:00,0,0,0,0
90188214,gabar1,408,2399,I am a successfull Internet marketer and SEO Manager and I live in the uk. I am keen to help like monded people to become successfull online.,UK,b'@bavugar #TheNFTGenerator #NFTNews #NFTLaunchpad  #nftcollectors #NFTshill #NFTGiveaway #NFTs #nft #Bitcoin #ETH #etherium #NFTartist #NFTcommunties #NFTCommunity #NFTartist #NFTMarketplace #artwork #Art  #cryptos #cryptoartLaunch A NFT Collection with Ease: https://t.co/yzmuWQcCqP',2022-07-04 03:29:47+00:00,0,0,0,0
90188214,gabar1,408,2399,I am a successfull Internet marketer and SEO Manager and I live in the uk. I am keen to help like monded people to become successfull online.,UK,b'@Agnes_rose3 #TheNFTGenerator #NFTNews #NFTLaunchpad  #nftcollectors #NFTshill #NFTGiveaway #NFTs #nft #Bitcoin #ETH #etherium #NFTartist #NFTcommunties #NFTCommunity #NFTartist #NFTMarketplace #artwork #Art  #cryptos #cryptoartLaunch A NFT Collection with Ease: https://t.co/yzmuWQcCqP',2022-07-04 03:17:05+00:00,0,0,0,0
90188214,gabar1,408,2399,I am a successfull Internet marketer and SEO Manager and I live in the uk. I am keen to help like monded people to become successfull online.,UK,b'@Ghragus #TheNFTGenerator #NFTNews #NFTLaunchpad  #nftcollectors #NFTshill #NFTGiveaway #NFTs #nft #Bitcoin #ETH #etherium #NFTartist #NFTcommunties #NFTCommunity #NFTartist #NFTMarketplace #artwork #Art  #cryptos #cryptoartLaunch A NFT Collection with Ease: https://t.co/yzmuWQcCqP',2022-07-04 03:16:45+00:00,0,0,0,0
90188214,gabar1,408,2399,I am a successfull Internet marketer and SEO Manager and I live in the uk. I am keen to help like monded people to become successfull online.,UK,b'@JjCurtis6 #TheNFTGenerator #NFTNews #NFTLaunchpad  #nftcollectors #NFTshill #NFTGiveaway #NFTs #nft #Bitcoin #ETH #etherium #NFTartist #NFTcommunties #NFTCommunity #NFTartist #NFTMarketplace #artwork #Art  #cryptos #cryptoartLaunch A NFT Collection with Ease: https://t.co/yzmuWQcCqP',2022-07-04 03:16:11+00:00,0,0,0,0
90188214,gabar1,408,2399,I am a successfull Internet marketer and SEO Manager and I live in the uk. I am keen to help like monded people to become successfull online.,UK,b'@TetherAirdrops #TheNFTGenerator #NFTNews #NFTLaunchpad  #nftcollectors #NFTshill #NFTGiveaway #NFTs #nft #Bitcoin #ETH #etherium #NFTartist #NFTcommunties #NFTCommunity #NFTartist #NFTMarketplace #artwork #Art  #cryptos #cryptoartLaunch A NFT Collection with Ease: https://t.co/yzmuWQcCqP',2022-07-04 03:15:58+00:00,0,0,0,0
90188214,gabar1,408,2399,I am a successfull Internet marketer and SEO Manager and I live in the uk. I am keen to help like monded people to become successfull online.,UK,b'@LoveShivxx #TheNFTGenerator #NFTNews #NFTLaunchpad  #nftcollectors #NFTshill #NFTGiveaway #NFTs #nft #Bitcoin #ETH #etherium #NFTartist #NFTcommunties #NFTCommunity #NFTartist #NFTMarketplace #artwork #Art  #cryptos #cryptoartLaunch A NFT Collection with Ease: https://t.co/yzmuWQcCqP',2022-07-04 03:15:46+00:00,0,0,0,0
90188214,gabar1,408,2399,I am a successfull Internet marketer and SEO Manager and I live in the uk. I am keen to help like monded people to become successfull online.,UK,b'@kokid951 #TheNFTGenerator #NFTNews #NFTLaunchpad  #nftcollectors #NFTshill #NFTGiveaway #NFTs #nft #Bitcoin #ETH #etherium #NFTartist #NFTcommunties #NFTCommunity #NFTartist #NFTMarketplace #artwork #Art  #cryptos #cryptoartLaunch A NFT Collection with Ease: https://t.co/yzmuWQcCqP',2022-07-04 03:15:35+00:00,0,0,0,0
90188214,gabar1,408,2399,I am a successfull Internet marketer and SEO Manager and I live in the uk. I am keen to help like monded people to become successfull online.,UK,b'@killerqueen_nft #TheNFTGenerator #NFTNews #NFTLaunchpad  #nftcollectors #NFTshill #NFTGiveaway #NFTs #nft #Bitcoin #ETH #etherium #NFTartist #NFTcommunties #NFTCommunity #NFTartist #NFTMarketplace #artwork #Art  #cryptos #cryptoartLaunch A NFT Collection with Ease: https://t.co/yzmuWQcCqP',2022-07-04 02:49:58+00:00,0,0,0,0
90188214,gabar1,408,2399,I am a successfull Internet marketer and SEO Manager and I live in the uk. I am keen to help like monded people to become successfull online.,UK,b'@DWszystkiego #TheNFTGenerator #NFTNews #NFTLaunchpad  #nftcollectors #NFTshill #NFTGiveaway #NFTs #nft #Bitcoin #ETH #etherium #NFTartist #NFTcommunties #NFTCommunity #NFTartist #NFTMarketplace #artwork #Art  #cryptos #cryptoartLaunch A NFT Collection with Ease: https://t.co/yzmuWQcCqP',2022-07-04 02:49:32+00:00,0,0,0,0
90188214,gabar1,408,2399,I am a successfull Internet marketer and SEO Manager and I live in the uk. I am keen to help like monded people to become successfull online.,UK,b'@CryptoGhostKing #TheNFTGenerator #NFTNews #NFTLaunchpad  #nftcollectors #NFTshill #NFTGiveaway #NFTs #nft #Bitcoin #ETH #etherium #NFTartist #NFTcommunties #NFTCommunity #NFTartist #NFTMarketplace #artwork #Art  #cryptos #cryptoartLaunch A NFT Collection with Ease: https://t.co/yzmuWQcCqP',2022-07-04 02:47:58+00:00,0,0,0,0
90188214,gabar1,408,2399,I am a successfull Internet marketer and SEO Manager and I live in the uk. I am keen to help like monded people to become successfull online.,UK,b'@DrY70126107 #TheNFTGenerator #NFTNews #NFTLaunchpad  #nftcollectors #NFTshill #NFTGiveaway #NFTs #nft #Bitcoin #ETH #etherium #NFTartist #NFTcommunties #NFTCommunity #NFTartist #NFTMarketplace #artwork #Art  #cryptos #cryptoartLaunch A NFT Collection with Ease: https://t.co/yzmuWQcCqP',2022-07-04 02:47:41+00:00,0,0,0,0
90188214,gabar1,408,2399,I am a successfull Internet marketer and SEO Manager and I live in the uk. I am keen to help like monded people to become successfull online.,UK,b'@aegean2356 #TheNFTGenerator #NFTNews #NFTLaunchpad  #nftcollectors #NFTshill #NFTGiveaway #NFTs #nft #Bitcoin #ETH #etherium #NFTartist #NFTcommunties #NFTCommunity #NFTartist #NFTMarketplace #artwork #Art  #cryptos #cryptoartLaunch A NFT Collection with Ease: https://t.co/yzmuWQcCqP',2022-07-04 02:47:22+00:00,0,0,0,0
90188214,gabar1,408,2399,I am a successfull Internet marketer and SEO Manager and I live in the uk. I am keen to help like monded people to become successfull online.,UK,b'@Ghragus #TheNFTGenerator #NFTNews #NFTLaunchpad  #nftcollectors #NFTshill #NFTGiveaway #NFTs #nft #Bitcoin #ETH #etherium #NFTartist #NFTcommunties #NFTCommunity #NFTartist #NFTMarketplace #artwork #Art  #cryptos #cryptoartLaunch A NFT Collection with Ease: https://t.co/yzmuWQcCqP',2022-07-04 02:47:09+00:00,0,0,0,0
90188214,gabar1,408,2399,I am a successfull Internet marketer and SEO Manager and I live in the uk. I am keen to help like monded people to become successfull online.,UK,b'@CartoonDubema #TheNFTGenerator #NFTNews #NFTLaunchpad  #nftcollectors #NFTshill #NFTGiveaway #NFTs #nft #Bitcoin #ETH #etherium #NFTartist #NFTcommunties #NFTCommunity #NFTartist #NFTMarketplace #artwork #Art  #cryptos #cryptoartLaunch A NFT Collection with Ease: https://t.co/yzmuWQcCqP',2022-07-04 02:46:50+00:00,0,0,0,0
90188214,gabar1,408,2399,I am a successfull Internet marketer and SEO Manager and I live in the uk. I am keen to help like monded people to become successfull online.,UK,b'@nft_finley #TheNFTGenerator #NFTNews #NFTLaunchpad  #nftcollectors #NFTshill #NFTGiveaway #NFTs #nft #Bitcoin #ETH #etherium #NFTartist #NFTcommunties #NFTCommunity #NFTartist #NFTMarketplace #artwork #Art  #cryptos #cryptoartLaunch A NFT Collection with Ease: https://t.co/yzmuWQcCqP',2022-07-04 02:46:38+00:00,0,0,1,0
90188214,gabar1,408,2399,I am a successfull Internet marketer and SEO Manager and I live in the uk. I am keen to help like monded people to become successfull online.,UK,b'@MelonyWhiteArt #TheNFTGenerator #NFTNews #NFTLaunchpad  #nftcollectors #NFTshill #NFTGiveaway #NFTs #nft #Bitcoin #ETH #etherium #NFTartist #NFTcommunties #NFTCommunity #NFTartist #NFTMarketplace #artwork #Art  #cryptos #cryptoartLaunch A NFT Collection with Ease: https://t.co/yzmuWQcCqP',2022-07-04 02:46:24+00:00,0,0,0,0
90188214,gabar1,408,2399,I am a successfull Internet marketer and SEO Manager and I live in the uk. I am keen to help like monded people to become successfull online.,UK,b'@Kradenofficial #TheNFTGenerator #NFTNews #NFTLaunchpad  #nftcollectors #NFTshill #NFTGiveaway #NFTs #nft #Bitcoin #ETH #etherium #NFTartist #NFTcommunties #NFTCommunity #NFTartist #NFTMarketplace #artwork #Art  #cryptos #cryptoartLaunch A NFT Collection with Ease: https://t.co/yzmuWQcCqP',2022-07-04 02:46:07+00:00,0,0,0,0
90188214,gabar1,408,2399,I am a successfull Internet marketer and SEO Manager and I live in the uk. I am keen to help like monded people to become successfull online.,UK,b'@6avid_eth #TheNFTGenerator #NFTNews #NFTLaunchpad  #nftcollectors #NFTshill #NFTGiveaway #NFTs #nft #Bitcoin #ETH #etherium #NFTartist #NFTcommunties #NFTCommunity #NFTartist #NFTMarketplace #artwork #Art  #cryptos #cryptoartLaunch A NFT Collection with Ease: https://t.co/yzmuWQcCqP',2022-07-04 02:45:56+00:00,0,0,0,0
90188214,gabar1,408,2399,I am a successfull Internet marketer and SEO Manager and I live in the uk. I am keen to help like monded people to become successfull online.,UK,b'@erykmedykowski #TheNFTGenerator #NFTNews #NFTLaunchpad  #nftcollectors #NFTshill #NFTGiveaway #NFTs #nft #Bitcoin #ETH #etherium #NFTartist #NFTcommunties #NFTCommunity #NFTartist #NFTMarketplace #artwork #Art  #cryptos #cryptoartLaunch A NFT Collection with Ease: https://t.co/yzmuWQcCqP',2022-07-04 02:45:43+00:00,0,0,0,0
90188214,gabar1,408,2399,I am a successfull Internet marketer and SEO Manager and I live in the uk. I am keen to help like monded people to become successfull online.,UK,b'@VroNFT #TheNFTGenerator #NFTNews #NFTLaunchpad  #nftcollectors #NFTshill #NFTGiveaway #NFTs #nft #Bitcoin #ETH #etherium #NFTartist #NFTcommunties #NFTCommunity #NFTartist #NFTMarketplace #artwork #Art  #cryptos #cryptoartLaunch A NFT Collection with Ease: https://t.co/yzmuWQcCqP',2022-07-04 02:45:32+00:00,0,0,0,0
90188214,gabar1,408,2399,I am a successfull Internet marketer and SEO Manager and I live in the uk. I am keen to help like monded people to become successfull online.,UK,b'@cometwtf #TheNFTGenerator #NFTNews #NFTLaunchpad  #nftcollectors #NFTshill #NFTGiveaway #NFTs #nft #Bitcoin #ETH #etherium #NFTartist #NFTcommunties #NFTCommunity #NFTartist #NFTMarketplace #artwork #Art  #cryptos #cryptoartLaunch A NFT Collection with Ease: https://t.co/yzmuWQcCqP',2022-07-04 02:45:22+00:00,0,0,0,0
90188214,gabar1,408,2399,I am a successfull Internet marketer and SEO Manager and I live in the uk. I am keen to help like monded people to become successfull online.,UK,b'#TheNFTGenerator #NFTNews #NFTLaunchpad  #nftcollectors #NFTshill #NFTGiveaway #NFTs #nft #Bitcoin #ETH #etherium #NFTartist #NFTcommunties #NFTCommunity #NFTartist #NFTMarketplace #artwork #Art  #cryptos #cryptoartLaunch A NFT Collection with Ease: https://t.co/yzmuWQcCqP',2022-07-04 02:40:01+00:00,0,0,0,0
90188214,gabar1,408,2399,I am a successfull Internet marketer and SEO Manager and I live in the uk. I am keen to help like monded people to become successfull online.,UK,b'@babybirdnft #TheNFTGenerator #NFTNews #NFTLaunchpad  #nftcollectors #NFTshill #NFTGiveaway #NFTs #nft #Bitcoin #ETH #etherium #NFTartist #NFTcommunties #NFTCommunity #NFTartist #NFTMarketplace #artwork #Art  #cryptos #cryptoartLaunch A NFT Collection with Ease: https://t.co/yzmuWQcCqP',2022-07-04 02:38:48+00:00,0,0,0,0
90188214,gabar1,408,2399,I am a successfull Internet marketer and SEO Manager and I live in the uk. I am keen to help like monded people to become successfull online.,UK,b'@tokenames #TheNFTGenerator #NFTNews #NFTLaunchpad  #nftcollectors #NFTshill #NFTGiveaway #NFTs #nft #Bitcoin #ETH #etherium #NFTartist #NFTcommunties #NFTCommunity #NFTartist #NFTMarketplace #artwork #Art  #cryptos #cryptoartLaunch A NFT Collection with Ease: https://t.co/yzmuWQcCqP',2022-07-04 02:38:28+00:00,0,0,1,1
90188214,gabar1,408,2399,I am a successfull Internet marketer and SEO Manager and I live in the uk. I am keen to help like monded people to become successfull online.,UK,b'@Scorpiussnft #TheNFTGenerator #NFTNews #NFTLaunchpad  #nftcollectors #NFTshill #NFTGiveaway #NFTs #nft #Bitcoin #ETH #etherium #NFTartist #NFTcommunties #NFTCommunity #NFTartist #NFTMarketplace #artwork #Art  #cryptos #cryptoartLaunch A NFT Collection with Ease: https://t.co/yzmuWQcCqP',2022-07-04 02:37:35+00:00,0,0,0,0
1388167465503531013,Daniel89679730,401,5804,"Let's make a better World together! 
Healthy Oceans = Healthy Planet Earth! Live more consciously, let's move with the Time and use new Technologies! üåçüåä‚ù§Ô∏è",Switzerland,b'Which is the best #NFTMarketplace coin? Which one has the greatest potential? #NFTLaunchPad #Cryptocom #BinanceNFT #Coinbase #OpenSea #OpenSeaNFT #NFT #NFTCommuntiy #Collectibles #NFTartist #NFTGiveaway #NFTProject #digitalart#DigitalArtist #Bitcoin #Crypto #cryptocurrency https://t.co/bZzXmJvT9e',2022-07-03 16:22:46+00:00,0,4,3,2
1356225453581873160,SlimJimmy420k,997,9713,PFP: @BigCatKlub Banner: @babychimpgang - @TEENSONACID #DegenDevils Team Captain -Subscribe to my free substack for in-depth overviews & insights into #FTMNFTs,,"b""@VisionariumArt Fantom Fox Boy got swept super hard as well on @NFTKEY Great to see! $Vision is coming to all Visionarium projects! Don't sleep https://t.co/spcEf7hGh6#ftmnft #nftlaunchpad #nft #omnichain #avaxnft https://t.co/YXm4msusGE""",2022-07-01 22:47:38+00:00,1,1,3,0
1356225453581873160,SlimJimmy420k,997,9713,PFP: @BigCatKlub Banner: @babychimpgang - @TEENSONACID #DegenDevils Team Captain -Subscribe to my free substack for in-depth overviews & insights into #FTMNFTs,,b'The Final 10 @krownlabs  Ultimate Doodle Punks on @NFTKEY https://t.co/hBstx3QEZf#Ftmnft #nft #avaxnft #nftlaunchpad #ftm https://t.co/tYRjtlR51X',2022-07-01 22:37:49+00:00,0,0,7,0
1469582712734322688,Cleaners_3R,60,373,"16y/o Teen boy / #NFTartist #nftart 
Main account @WalkMonkeyNFT
Free promotor
Discord https://t.co/sKmPztm4fB",,b'Wow My excitement is on peakjust Join Discord and Follow if want to buyhttps://t.co/qm1TK9QMhRCollection Coming Soon#NFT #NFTs #NFTCommunity #NFTGiveaway #NFTProject #nftartist #nftartists #NFTdrop #NFTshill#NFTLaunchpad #NFTlover https://t.co/iYquXkWEXz',2022-07-01 10:20:10+00:00,0,0,4,1
159201824,AY_Daniels,312,1964,Blockchain | Decentralized Apps | Building @majestic_labs| #Elastos,The Elaverse,"b'Happy new month, frens. #Elastos #PolygonNFT #Fantom #ETH #Avalanche #BSC #vitrim #NoCode #NFTLaunchpad https://t.co/UkVtJziNDi'",2022-07-01 08:00:08+00:00,1,0,3,0
1534090442958315520,TheRainFT,4,50,TheRainFT is a project that connects enthusiastic artists to the NFT world.,,"b""It's 1st July..10 more days to our most awaited 11 Unique nfts made with 1s..Can't wait!!#NFTLaunch #NFTLaunchpad #NFTCommunity""",2022-07-01 07:31:39+00:00,0,0,2,0
1532430236729630720,DeadGodSmokers,1868,29,"The entrance to olympus is this way | Not affiliated with @degodsnft

Discord Closed",Olympus,"b'MINT FREE LIVE We will like and RT everyone, we will do an instant airdrop and a great raffle at 50% and sold out!!#NFTs #NFTGiveaway #NFTLaunchpad #SolanaNFT #NFTairdrop #NFT #NFTCommunity https://t.co/YURRoNxApB'",2022-07-01 05:37:22+00:00,4,7,11,1
446935207,chikooprince,75,1686,Prefer To Love,"Riyadh, Kingdom of Saudi Arabi",b'I want to lunch my #NFTCollection I need suggestions how to start and which platform best to lunch...#NFTCollection #NFTLaunchpad #NFTSuccessRate#NFTProjects #NFTNYC2022 #NFT',2022-07-01 03:14:03+00:00,0,0,3,0
446935207,chikooprince,75,1686,Prefer To Love,"Riyadh, Kingdom of Saudi Arabi",b'I want to lunch my #NFTCollection I need suggestions how to start and which platform best to lunch...#NFTCollection #NFTLaunchpad #NFTSuccessRate#NFTProjects',2022-07-01 03:05:27+00:00,0,0,1,0
1489317376864636929,ShawnShepherd_,54,274,In the studio...,,b'Multiple drops on Friday July 1 on https://t.co/TtkC6mgwR1#NFTCommunity #NFTs #NFTdrop #nftcollector #nftmagazine #NFTartists #NFTartwork #NFTLaunchpad #NFTsales #nftanimation #NFTDropsRadar #NFTsales #NFTlover #nftcollector #nftcollectors #NFTdiscord #NFTcollections #NFTProject https://t.co/15PX8vg8DK',2022-07-01 00:37:27+00:00,0,0,0,0
90188214,gabar1,408,2399,I am a successfull Internet marketer and SEO Manager and I live in the uk. I am keen to help like monded people to become successfull online.,UK,b'@DOMIVAKERO #TheNFTGenerator #NFTNews #NFTLaunchpad  #nftcollectors #NFTshill #NFTGiveaway #NFTs #nft #Bitcoin #ETH #etherium #NFTartist #NFTcommunties #NFTCommunity #NFTartist #NFTMarketplace #artwork #Art  #cryptos #cryptoartLaunch A NFT Collection with Ease: https://t.co/tOefB7XIjx',2022-06-30 21:30:38+00:00,0,0,0,0
90188214,gabar1,408,2399,I am a successfull Internet marketer and SEO Manager and I live in the uk. I am keen to help like monded people to become successfull online.,UK,b'@nftparticle #TheNFTGenerator #NFTNews #NFTLaunchpad  #nftcollectors #NFTshill #NFTGiveaway #NFTs #nft #Bitcoin #ETH #etherium #NFTartist #NFTcommunties #NFTCommunity #NFTartist #NFTMarketplace #artwork #Art  #cryptos #cryptoartLaunch A NFT Collection with Ease: https://t.co/tOefB7XIjx',2022-06-30 21:30:24+00:00,0,0,0,0
90188214,gabar1,408,2399,I am a successfull Internet marketer and SEO Manager and I live in the uk. I am keen to help like monded people to become successfull online.,UK,b'@ApeSkyel #TheNFTGenerator #NFTNews #NFTLaunchpad  #nftcollectors #NFTshill #NFTGiveaway #NFTs #nft #Bitcoin #ETH #etherium #NFTartist #NFTcommunties #NFTCommunity #NFTartist #NFTMarketplace #artwork #Art  #cryptos #cryptoartLaunch A NFT Collection with Ease: https://t.co/tOefB7XIjx',2022-06-30 21:30:01+00:00,0,0,0,1
90188214,gabar1,408,2399,I am a successfull Internet marketer and SEO Manager and I live in the uk. I am keen to help like monded people to become successfull online.,UK,b'@cyhnft #TheNFTGenerator #NFTNews #NFTLaunchpad  #nftcollectors #NFTshill #NFTGiveaway #NFTs #nft #Bitcoin #ETH #etherium #NFTartist #NFTcommunties #NFTCommunity #NFTartist #NFTMarketplace #artwork #Art  #cryptos #cryptoartLaunch A NFT Collection with Ease: https://t.co/tOefB7XIjx',2022-06-30 21:29:44+00:00,0,0,0,1
90188214,gabar1,408,2399,I am a successfull Internet marketer and SEO Manager and I live in the uk. I am keen to help like monded people to become successfull online.,UK,b'@TheCryptoTulip #TheNFTGenerator #NFTNews #NFTLaunchpad  #nftcollectors #NFTshill #NFTGiveaway #NFTs #nft #Bitcoin #ETH #etherium #NFTartist #NFTcommunties #NFTCommunity #NFTartist #NFTMarketplace #artwork #Art  #cryptos #cryptoartLaunch A NFT Collection with Ease: https://t.co/tOefB7XIjx',2022-06-30 21:29:26+00:00,0,0,0,0
90188214,gabar1,408,2399,I am a successfull Internet marketer and SEO Manager and I live in the uk. I am keen to help like monded people to become successfull online.,UK,b'@MetaLadies_ #TheNFTGenerator #NFTNews #NFTLaunchpad  #nftcollectors #NFTshill #NFTGiveaway #NFTs #nft #Bitcoin #ETH #etherium #NFTartist #NFTcommunties #NFTCommunity #NFTartist #NFTMarketplace #artwork #Art  #cryptos #cryptoartLaunch A NFT Collection with Ease: https://t.co/tOefB7XIjx',2022-06-30 21:28:22+00:00,0,0,0,0
90188214,gabar1,408,2399,I am a successfull Internet marketer and SEO Manager and I live in the uk. I am keen to help like monded people to become successfull online.,UK,b'@ArtvisionNFT #TheNFTGenerator #NFTNews #NFTLaunchpad  #nftcollectors #NFTshill #NFTGiveaway #NFTs #nft #Bitcoin #ETH #etherium #NFTartist #NFTcommunties #NFTCommunity #NFTartist #NFTMarketplace #artwork #Art  #cryptos #cryptoartLaunch A NFT Collection with Ease: https://t.co/tOefB7XIjx',2022-06-30 21:28:05+00:00,0,0,0,0
90188214,gabar1,408,2399,I am a successfull Internet marketer and SEO Manager and I live in the uk. I am keen to help like monded people to become successfull online.,UK,b'@MoodyOwlNFT #TheNFTGenerator #NFTNews #NFTLaunchpad  #nftcollectors #NFTshill #NFTGiveaway #NFTs #nft #Bitcoin #ETH #etherium #NFTartist #NFTcommunties #NFTCommunity #NFTartist #NFTMarketplace #artwork #Art  #cryptos #cryptoartLaunch A NFT Collection with Ease: https://t.co/tOefB7XIjx',2022-06-30 21:27:44+00:00,0,0,0,0
90188214,gabar1,408,2399,I am a successfull Internet marketer and SEO Manager and I live in the uk. I am keen to help like monded people to become successfull online.,UK,b'@NFTDegenNSM #TheNFTGenerator #NFTNews #NFTLaunchpad  #nftcollectors #NFTshill #NFTGiveaway #NFTs #nft #Bitcoin #ETH #etherium #NFTartist #NFTcommunties #NFTCommunity #NFTartist #NFTMarketplace #artwork #Art  #cryptos #cryptoartLaunch A NFT Collection with Ease: https://t.co/tOefB7XIjx',2022-06-30 21:27:10+00:00,0,0,0,0
90188214,gabar1,408,2399,I am a successfull Internet marketer and SEO Manager and I live in the uk. I am keen to help like monded people to become successfull online.,UK,b'@nftgallery_art #TheNFTGenerator #NFTNews #NFTLaunchpad  #nftcollectors #NFTshill #NFTGiveaway #NFTs #nft #Bitcoin #ETH #etherium #NFTartist #NFTcommunties #NFTCommunity #NFTartist #NFTMarketplace #artwork #Art  #cryptos #cryptoartLaunch A NFT Collection with Ease: https://t.co/tOefB7XIjx',2022-06-30 21:26:50+00:00,0,0,0,0
90188214,gabar1,408,2399,I am a successfull Internet marketer and SEO Manager and I live in the uk. I am keen to help like monded people to become successfull online.,UK,b'@stickytoffita #TheNFTGenerator #NFTNews #NFTLaunchpad  #nftcollectors #NFTshill #NFTGiveaway #NFTs #nft #Bitcoin #ETH #etherium #NFTartist #NFTcommunties #NFTCommunity #NFTartist #NFTMarketplace #artwork #Art  #cryptos #cryptoartLaunch A NFT Collection with Ease: https://t.co/tOefB7XIjx',2022-06-30 21:26:13+00:00,0,0,0,0
90188214,gabar1,408,2399,I am a successfull Internet marketer and SEO Manager and I live in the uk. I am keen to help like monded people to become successfull online.,UK,b'@jfx #TheNFTGenerator #NFTNews #NFTLaunchpad  #nftcollectors #NFTshill #NFTGiveaway #NFTs #nft #Bitcoin #ETH #etherium #NFTartist #NFTcommunties #NFTCommunity #NFTartist #NFTMarketplace #artwork #Art  #cryptos #cryptoartLaunch A NFT Collection with Ease: https://t.co/tOefB7XIjx',2022-06-30 21:25:56+00:00,0,0,0,0
90188214,gabar1,408,2399,I am a successfull Internet marketer and SEO Manager and I live in the uk. I am keen to help like monded people to become successfull online.,UK,b'@nft_kittycat #TheNFTGenerator #NFTNews #NFTLaunchpad  #nftcollectors #NFTshill #NFTGiveaway #NFTs #nft #Bitcoin #ETH #etherium #NFTartist #NFTcommunties #NFTCommunity #NFTartist #NFTMarketplace #artwork #Art  #cryptos #cryptoartLaunch A NFT Collection with Ease: https://t.co/tOefB7XIjx',2022-06-30 21:25:33+00:00,0,0,0,0
90188214,gabar1,408,2399,I am a successfull Internet marketer and SEO Manager and I live in the uk. I am keen to help like monded people to become successfull online.,UK,b'@ChrismNFT #TheNFTGenerator #NFTNews #NFTLaunchpad  #nftcollectors #NFTshill #NFTGiveaway #NFTs #nft #Bitcoin #ETH #etherium #NFTartist #NFTcommunties #NFTCommunity #NFTartist #NFTMarketplace #artwork #Art  #cryptos #cryptoartLaunch A NFT Collection with Ease: https://t.co/tOefB7XIjx',2022-06-30 20:45:32+00:00,0,0,0,0
90188214,gabar1,408,2399,I am a successfull Internet marketer and SEO Manager and I live in the uk. I am keen to help like monded people to become successfull online.,UK,b'@NFTLuffy #TheNFTGenerator #NFTNews #NFTLaunchpad  #nftcollectors #NFTshill #NFTGiveaway #NFTs #nft #Bitcoin #ETH #etherium #NFTartist #NFTcommunties #NFTCommunity #NFTartist #NFTMarketplace #artwork #Art  #cryptos #cryptoartLaunch A NFT Collection with Ease: https://t.co/tOefB7XIjx',2022-06-30 20:44:23+00:00,0,0,0,0
90188214,gabar1,408,2399,I am a successfull Internet marketer and SEO Manager and I live in the uk. I am keen to help like monded people to become successfull online.,UK,b'@NFTLuffy #TheNFTGenerator #NFTNews #NFTLaunchpad  #nftcollectors #NFTshill #NFTGiveaway #NFTs #nft #Bitcoin #ETH #etherium #NFTartist #NFTcommunties #NFTCommunity #NFTartist #NFTMarketplace #artwork #Art  #cryptos #cryptoartLaunch A NFT Collection with Ease: https://t.co/tOefB7XIjx',2022-06-30 20:43:36+00:00,0,0,0,0
90188214,gabar1,408,2399,I am a successfull Internet marketer and SEO Manager and I live in the uk. I am keen to help like monded people to become successfull online.,UK,b'@joshwax_ #TheNFTGenerator #NFTNews #NFTLaunchpad  #nftcollectors #NFTshill #NFTGiveaway #NFTs #nft #Bitcoin #ETH #etherium #NFTartist #NFTcommunties #NFTCommunity #NFTartist #NFTMarketplace #artwork #Art  #cryptos #cryptoartLaunch A NFT Collection with Ease: https://t.co/tOefB7XIjx',2022-06-30 20:43:20+00:00,0,0,0,0
90188214,gabar1,408,2399,I am a successfull Internet marketer and SEO Manager and I live in the uk. I am keen to help like monded people to become successfull online.,UK,b'@MrFoxxnft #TheNFTGenerator #NFTNews #NFTLaunchpad  #nftcollectors #NFTshill #NFTGiveaway #NFTs #nft #Bitcoin #ETH #etherium #NFTartist #NFTcommunties #NFTCommunity #NFTartist #NFTMarketplace #artwork #Art  #cryptos #cryptoartLaunch A NFT Collection with Ease: https://t.co/tOefB7XIjx',2022-06-30 20:42:33+00:00,0,0,0,0
90188214,gabar1,408,2399,I am a successfull Internet marketer and SEO Manager and I live in the uk. I am keen to help like monded people to become successfull online.,UK,b'@DrY70126107 #TheNFTGenerator #NFTNews #NFTLaunchpad  #nftcollectors #NFTshill #NFTGiveaway #NFTs #nft #Bitcoin #ETH #etherium #NFTartist #NFTcommunties #NFTCommunity #NFTartist #NFTMarketplace #artwork #Art  #cryptos #cryptoartLaunch A NFT Collection with Ease: https://t.co/tOefB7XIjx',2022-06-30 20:41:45+00:00,0,0,0,0
90188214,gabar1,408,2399,I am a successfull Internet marketer and SEO Manager and I live in the uk. I am keen to help like monded people to become successfull online.,UK,b'@NFTKingForever #TheNFTGenerator #NFTNews #NFTLaunchpad  #nftcollectors #NFTshill #NFTGiveaway #NFTs #nft #Bitcoin #ETH #etherium #NFTartist #NFTcommunties #NFTCommunity #NFTartist #NFTMarketplace #artwork #Art  #cryptos #cryptoartLaunch A NFT Collection with Ease: https://t.co/tOefB7XIjx',2022-06-30 20:41:24+00:00,0,0,0,0
90188214,gabar1,408,2399,I am a successfull Internet marketer and SEO Manager and I live in the uk. I am keen to help like monded people to become successfull online.,UK,b'@JukeNFT #TheNFTGenerator #NFTLaunchpad #nftcollectors #NFTshill #NFTGiveaway #NFTs #nft #cryptocurrecy #Crypto #Bitcoin #ETH #etherium #NFTartist #NFTcommunties #NFTCommunity #NFTartist #artwork #Art  #cryptos #cryptoartMake a NFT collection with no code at all: https://t.co/tOefB7XIjx',2022-06-30 19:28:33+00:00,0,0,0,0
90188214,gabar1,408,2399,I am a successfull Internet marketer and SEO Manager and I live in the uk. I am keen to help like monded people to become successfull online.,UK,b'@shabanaa74 #TheNFTGenerator #NFTLaunchpad #nftcollectors #NFTshill #NFTGiveaway #NFTs #nft #cryptocurrecy #Crypto #Bitcoin #ETH #etherium #NFTartist #NFTcommunties #NFTCommunity #NFTartist #artwork #Art  #cryptos #cryptoartMake a NFT collection with no code at all: https://t.co/tOefB7XIjx',2022-06-30 19:28:21+00:00,0,0,0,0
90188214,gabar1,408,2399,I am a successfull Internet marketer and SEO Manager and I live in the uk. I am keen to help like monded people to become successfull online.,UK,b'@WahabApon #TheNFTGenerator #NFTLaunchpad #nftcollectors #NFTshill #NFTGiveaway #NFTs #nft #cryptocurrecy #Crypto #Bitcoin #ETH #etherium #NFTartist #NFTcommunties #NFTCommunity #NFTartist #artwork #Art  #cryptos #cryptoartMake a NFT collection with no code at all: https://t.co/tOefB7XIjx',2022-06-30 19:28:03+00:00,0,0,0,0
90188214,gabar1,408,2399,I am a successfull Internet marketer and SEO Manager and I live in the uk. I am keen to help like monded people to become successfull online.,UK,b'@pixeldollnft #TheNFTGenerator #NFTLaunchpad #nftcollectors #NFTshill #NFTGiveaway #NFTs #nft #cryptocurrecy #Crypto #Bitcoin #ETH #etherium #NFTartist #NFTcommunties #NFTCommunity #NFTartist #artwork #Art  #cryptos #cryptoartMake a NFT collection with no code at all: https://t.co/tOefB7XIjx',2022-06-30 19:16:10+00:00,0,0,0,0
90188214,gabar1,408,2399,I am a successfull Internet marketer and SEO Manager and I live in the uk. I am keen to help like monded people to become successfull online.,UK,b'@lucyRobs_ #TheNFTGenerator #NFTLaunchpad #nftcollectors #NFTshill #NFTGiveaway #NFTs #nft #cryptocurrecy #Crypto #Bitcoin #ETH #etherium #NFTartist #NFTcommunties #NFTCommunity #NFTartist #artwork #Art  #cryptos #cryptoartMake a NFT collection with no code at all: https://t.co/tOefB7XIjx',2022-06-30 19:15:54+00:00,0,0,0,0
90188214,gabar1,408,2399,I am a successfull Internet marketer and SEO Manager and I live in the uk. I am keen to help like monded people to become successfull online.,UK,b'@toadeng #TheNFTGenerator #NFTLaunchpad #nftcollectors #NFTshill #NFTGiveaway #NFTs #nft #cryptocurrecy #Crypto #Bitcoin #ETH #etherium #NFTartist #NFTcommunties #NFTCommunity #NFTartist #artwork #Art  #cryptos #cryptoartMake a NFT collection with no code at all: https://t.co/tOefB7XIjx',2022-06-30 19:15:32+00:00,0,0,0,0
90188214,gabar1,408,2399,I am a successfull Internet marketer and SEO Manager and I live in the uk. I am keen to help like monded people to become successfull online.,UK,b'@nuynft #TheNFTGenerator #NFTLaunchpad #nftcollectors #NFTshill #NFTGiveaway #NFTs #nft #cryptocurrecy #Crypto #Bitcoin #ETH #etherium #NFTartist #NFTcommunties #NFTCommunity #NFTartist #artwork #Art  #cryptos #cryptoartMake a NFT collection with no code at all: https://t.co/tOefB7XIjx',2022-06-30 19:14:10+00:00,0,0,0,0
90188214,gabar1,408,2399,I am a successfull Internet marketer and SEO Manager and I live in the uk. I am keen to help like monded people to become successfull online.,UK,b'@davidgokhshtein #TheNFTGenerator #NFTLaunchpad #nftcollectors #NFTshill #NFTGiveaway #NFTs #nft #cryptocurrecy #Crypto #Bitcoin #ETH #etherium #NFTartist #NFTcommunties #NFTCommunity #NFTartist #artwork #Art  #cryptos #cryptoartMake a NFT collection with no code at all: https://t.co/tOefB7XIjx',2022-06-30 19:13:59+00:00,0,0,0,0
90188214,gabar1,408,2399,I am a successfull Internet marketer and SEO Manager and I live in the uk. I am keen to help like monded people to become successfull online.,UK,b'@NFTCompanyy #TheNFTGenerator #NFTLaunchpad #nftcollectors #NFTshill #NFTGiveaway #NFTs #nft #cryptocurrecy #Crypto #Bitcoin #ETH #etherium #NFTartist #NFTcommunties #NFTCommunity #NFTartist #artwork #Art  #cryptos #cryptoartMake a NFT collection with no code at all: https://t.co/tOefB7XIjx',2022-06-30 19:12:50+00:00,0,0,0,0
90188214,gabar1,408,2399,I am a successfull Internet marketer and SEO Manager and I live in the uk. I am keen to help like monded people to become successfull online.,UK,b'@DigitalxMisfits #TheNFTGenerator #NFTLaunchpad #nftcollectors #NFTshill #NFTGiveaway #NFTs #nft #cryptocurrecy #Crypto #Bitcoin #ETH #etherium #NFTartist #NFTcommunties #NFTCommunity #NFTartist #artwork #Art  #cryptos #cryptoartMake a NFT collection with no code at all: https://t.co/tOefB7XIjx',2022-06-30 19:12:37+00:00,0,0,0,0
90188214,gabar1,408,2399,I am a successfull Internet marketer and SEO Manager and I live in the uk. I am keen to help like monded people to become successfull online.,UK,b'@Scorpiussnft #TheNFTGenerator #NFTLaunchpad #nftcollectors #NFTshill #NFTGiveaway #NFTs #nft #cryptocurrecy #Crypto #Bitcoin #ETH #etherium #NFTartist #NFTcommunties #NFTCommunity #NFTartist #artwork #Art  #cryptos #cryptoartMake a NFT collection with no code at all: https://t.co/tOefB7XIjx',2022-06-30 19:12:25+00:00,0,0,0,0
90188214,gabar1,408,2399,I am a successfull Internet marketer and SEO Manager and I live in the uk. I am keen to help like monded people to become successfull online.,UK,b'@stoemanangels #TheNFTGenerator #NFTLaunchpad #nftcollectors #NFTshill #NFTGiveaway #NFTs #nft #cryptocurrecy #Crypto #Bitcoin #ETH #etherium #NFTartist #NFTcommunties #NFTCommunity #NFTartist #artwork #Art  #cryptos #cryptoartMake a NFT collection with no code at all: https://t.co/tOefB7XIjx',2022-06-30 19:11:15+00:00,0,0,0,0
90188214,gabar1,408,2399,I am a successfull Internet marketer and SEO Manager and I live in the uk. I am keen to help like monded people to become successfull online.,UK,b'@fastmoney_nft #TheNFTGenerator #NFTLaunchpad #nftcollectors #NFTshill #NFTGiveaway #NFTs #nft #cryptocurrecy #Crypto #Bitcoin #ETH #etherium #NFTartist #NFTcommunties #NFTCommunity #NFTartist #artwork #Art  #cryptos #cryptoartMake a NFT collection with no code at all: https://t.co/tOefB7XIjx',2022-06-30 19:11:02+00:00,0,0,0,0
90188214,gabar1,408,2399,I am a successfull Internet marketer and SEO Manager and I live in the uk. I am keen to help like monded people to become successfull online.,UK,b'@jfx #TheNFTGenerator #NFTLaunchpad #nftcollectors #NFTshill #NFTGiveaway #NFTs #nft #cryptocurrecy #Crypto #Bitcoin #ETH #etherium #NFTartist #NFTcommunties #NFTCommunity #NFTartist #artwork #Art  #cryptos #cryptoartMake a NFT collection with no code at all: https://t.co/tOefB7XIjx',2022-06-30 19:10:49+00:00,0,0,1,1
90188214,gabar1,408,2399,I am a successfull Internet marketer and SEO Manager and I live in the uk. I am keen to help like monded people to become successfull online.,UK,b'@Elypse2021 #TheNFTGenerator #NFTLaunchpad #nftcollectors #NFTshill #NFTGiveaway #NFTs #nft #cryptocurrecy #Crypto #Bitcoin #ETH #etherium #NFTartist #NFTcommunties #NFTCommunity #NFTartist #artwork #Art  #cryptos #cryptoartMake a NFT collection with no code at all: https://t.co/tOefB7XIjx',2022-06-30 19:10:38+00:00,0,0,0,0
90188214,gabar1,408,2399,I am a successfull Internet marketer and SEO Manager and I live in the uk. I am keen to help like monded people to become successfull online.,UK,b'@aegean2356 #TheNFTGenerator #NFTLaunchpad #nftcollectors #NFTshill #NFTGiveaway #NFTs #nft #cryptocurrecy #Crypto #Bitcoin #ETH #etherium #NFTartist #NFTcommunties #NFTCommunity #NFTartist #artwork #Art  #cryptos #cryptoartMake a NFT collection with no code at all: https://t.co/tOefB7XIjx',2022-06-30 19:07:11+00:00,0,0,0,0
90188214,gabar1,408,2399,I am a successfull Internet marketer and SEO Manager and I live in the uk. I am keen to help like monded people to become successfull online.,UK,b'@NFTKingForever #TheNFTGenerator #NFTLaunchpad #nftcollectors #NFTshill #NFTGiveaway #NFTs #nft #cryptocurrecy #Crypto #Bitcoin #ETH #etherium #NFTartist #NFTcommunties #NFTCommunity #NFTartist #artwork #Art  #cryptos #cryptoartMake a NFT collection with no code at all: https://t.co/tOefB7XIjx',2022-06-30 19:06:17+00:00,0,0,0,0
90188214,gabar1,408,2399,I am a successfull Internet marketer and SEO Manager and I live in the uk. I am keen to help like monded people to become successfull online.,UK,b'@NFTDegenNSM #TheNFTGenerator #NFTLaunchpad #nftcollectors #NFTshill #NFTGiveaway #NFTs #nft #cryptocurrecy #Crypto #Bitcoin #ETH #etherium #NFTartist #NFTcommunties #NFTCommunity #NFTartist #artwork #Art  #cryptos #cryptoartMake a NFT collection with no code at all: https://t.co/tOefB7XIjx',2022-06-30 19:06:04+00:00,0,0,0,1
90188214,gabar1,408,2399,I am a successfull Internet marketer and SEO Manager and I live in the uk. I am keen to help like monded people to become successfull online.,UK,b'@pipe123popo #TheNFTGenerator #NFTLaunchpad #nftcollectors #NFTshill #NFTGiveaway #NFTs #nft #cryptocurrecy #Crypto #Bitcoin #ETH #etherium #NFTartist #NFTcommunties #NFTCommunity #NFTartist #artwork #Art  #cryptos #cryptoartMake a NFT collection with no code at all: https://t.co/tOefB7XIjx',2022-06-30 19:05:51+00:00,0,0,0,0
90188214,gabar1,408,2399,I am a successfull Internet marketer and SEO Manager and I live in the uk. I am keen to help like monded people to become successfull online.,UK,b'@aegean2356 #TheNFTGenerator #NFTLaunchpad #nftcollectors #NFTshill #NFTGiveaway #NFTs #nft #cryptocurrecy #Crypto #Bitcoin #ETH #etherium #NFTartist #NFTcommunties #NFTCommunity #NFTartist #artwork #Art  #cryptos #cryptoartMake a NFT collection with no code at all: https://t.co/tOefB7XIjx',2022-06-30 19:05:36+00:00,0,0,0,0
90188214,gabar1,408,2399,I am a successfull Internet marketer and SEO Manager and I live in the uk. I am keen to help like monded people to become successfull online.,UK,b'@Kbrnft16 #TheNFTGenerator #NFTLaunchpad #nftcollectors #NFTshill #NFTGiveaway #NFTs #nft #cryptocurrecy #Crypto #Bitcoin #ETH #etherium #NFTartist #NFTcommunties #NFTCommunity #NFTartist #artwork #Art  #cryptos #cryptoartMake a NFT collection with no code at all: https://t.co/tOefB7XIjx',2022-06-30 19:05:24+00:00,0,0,0,0
90188214,gabar1,408,2399,I am a successfull Internet marketer and SEO Manager and I live in the uk. I am keen to help like monded people to become successfull online.,UK,b'@DWszystkiego #TheNFTGenerator #NFTLaunchpad #nftcollectors #NFTshill #NFTGiveaway #NFTs #nft #cryptocurrecy #Crypto #Bitcoin #ETH #etherium #NFTartist #NFTcommunties #NFTCommunity #NFTartist #artwork #Art  #cryptos #cryptoartMake a NFT collection with no code at all: https://t.co/tOefB7XIjx',2022-06-30 19:05:11+00:00,0,0,1,0
90188214,gabar1,408,2399,I am a successfull Internet marketer and SEO Manager and I live in the uk. I am keen to help like monded people to become successfull online.,UK,b'@SegunSholly #TheNFTGenerator #NFTLaunchpad #nftcollectors #NFTshill #NFTGiveaway #NFTs #nft #cryptocurrecy #Crypto #Bitcoin #ETH #etherium #NFTartist #NFTcommunties #NFTCommunity #NFTartist #artwork #Art  #cryptos #cryptoartMake a NFT collection with no code at all: https://t.co/tOefB7XIjx',2022-06-30 19:05:01+00:00,0,0,0,0
90188214,gabar1,408,2399,I am a successfull Internet marketer and SEO Manager and I live in the uk. I am keen to help like monded people to become successfull online.,UK,b'@CryptoGhostKing #TheNFTGenerator #NFTLaunchpad #nftcollectors #NFTshill #NFTGiveaway #NFTs #nft #cryptocurrecy #Crypto #Bitcoin #ETH #etherium #NFTartist #NFTcommunties #NFTCommunity #NFTartist #artwork #Art  #cryptos #cryptoartMake a NFT collection with no code at all: https://t.co/tOefB7XIjx',2022-06-30 19:04:48+00:00,0,0,0,0
90188214,gabar1,408,2399,I am a successfull Internet marketer and SEO Manager and I live in the uk. I am keen to help like monded people to become successfull online.,UK,b'@romerjohnsantos #TheNFTGenerator #NFTLaunchpad #nftcollectors #NFTshill #NFTGiveaway #NFTs #nft #cryptocurrecy #Crypto #Bitcoin #ETH #etherium #NFTartist #NFTcommunties #NFTCommunity #NFTartist #artwork #Art  #cryptos #cryptoartMake a NFT collection with no code at all: https://t.co/tOefB7XIjx',2022-06-30 19:04:34+00:00,0,0,1,2
90188214,gabar1,408,2399,I am a successfull Internet marketer and SEO Manager and I live in the uk. I am keen to help like monded people to become successfull online.,UK,b'#TheNFTGenerator #NFTLaunchpad #nftcollectors #NFTshill #NFTGiveaway #NFTs #nft #cryptocurrecy #Crypto #Bitcoin #ETH #etherium #NFTartist #NFTcommunties #NFTCommunity #NFTartist #artwork #Art  #cryptos #cryptoartMake a NFT collection with no code at all: https://t.co/tOefB7XIjx',2022-06-30 19:01:41+00:00,0,0,0,0
